context	total	frac_of_all	discordant	frac_discordant
island	2068005	0.07701360292299433	31075	0.01502655941354107
shore	1912421	0.07121957225228939	78082	0.04082887606860623
shelf	1126733	0.041960134459169185	53709	0.04766790357609123
open_sea	21745305	0.8098066903655471	1546264	0.07110794720975401
